English-Short-Name;Alpha-2-code;Alpha-3-code;Numeric-code;Independent;Union-Europea
Afghanistan;AF;AFG;4;Yes;0
Åland Islands;AX;ALA;248;NO;0
Albania;AL;ALB;8;Yes;0
Algeria;DZ;DZA;12;Yes;0
American Samoa;AS;ASM;16;NO;0
Andorra;AD;AND;20;Yes;0
Angola;AO;AGO;24;Yes;0
Anguilla;AI;AIA;660;NO;0
Antarctica;AQ;ATA;10;NO;0
Antigua and Barbuda;AG;ATG;28;Yes;0
Argentina;AR;ARG;32;Yes;0
Armenia;AM;ARM;51;Yes;0
Aruba;AW;ABW;533;NO;0
Australia;AU;AUS;36;Yes;0
Austria;AT;AUT;40;Yes;1
Azerbaijan;AZ;AZE;31;Yes;0
Bahamas;BS;BHS;44;Yes;0
Bahrain;BH;BHR;48;Yes;0
Bangladesh;BD;BGD;50;Yes;0
Barbados;BB;BRB;52;Yes;0
Belarus;BY;BLR;112;Yes;0
Belgium;BE;BEL;56;Yes;1
Belize;BZ;BLZ;84;Yes;0
Benin;BJ;BEN;204;Yes;0
Bermuda;BM;BMU;60;NO;0
Bhutan;BT;BTN;64;Yes;0
Bolivia (Plurinational State of);BO;BOL;68;Yes;0
Bonaire; Sint Eustatius and Saba;BQ;BES;535;NO;0
Bosnia and Herzegovina;BA;BIH;70;Yes;0
Botswana;BW;BWA;72;Yes;0
Bouvet Island;BV;BVT;74;NO;0
Brazil;BR;BRA;76;Yes;0
British Indian Ocean Territory;IO;IOT;86;NO;0
Brunei Darussalam;BN;BRN;96;Yes;0
Bulgaria;BG;BGR;100;Yes;1
Burkina Faso;BF;BFA;854;Yes;0
Burundi;BI;BDI;108;Yes;0
Cabo Verde;CV;CPV;132;Yes;0
Cambodia;KH;KHM;116;Yes;0
Cameroon;CM;CMR;120;Yes;0
Canada;CA;CAN;124;Yes;0
Cayman Islands;KY;CYM;136;NO;0
Central African Republic;CF;CAF;140;Yes;0
Chad;TD;TCD;148;Yes;0
Chile;CL;CHL;152;Yes;0
China;CN;CHN;156;Yes;0
Christmas Island;CX;CXR;162;NO;0
Cocos (Keeling) Islands;CC;CCK;166;NO;0
Colombia;CO;COL;170;Yes;0
Comoros;KM;COM;174;Yes;0
Congo;CG;COG;178;Yes;0
Congo (Democratic Republic of the);CD;COD;180;Yes;0
Cook Islands;CK;COK;184;NO;0
Costa Rica;CR;CRI;188;Yes;0
Côte d'Ivoire;CI;CIV;384;Yes;0
Croatia;HR;HRV;191;Yes;1
Cuba;CU;CUB;192;Yes;0
Curaçao;CW;CUW;531;NO;0
Cyprus;CY;CYP;196;Yes;1
Czechia;CZ;CZE;203;Yes;1
Denmark;DK;DNK;208;Yes;1
Djibouti;DJ;DJI;262;Yes;0
Dominica;DM;DMA;212;Yes;0
Dominican Republic;DO;DOM;214;Yes;0
Ecuador;EC;ECU;218;Yes;0
Egypt;EG;EGY;818;Yes;0
El Salvador;SV;SLV;222;Yes;0
Equatorial Guinea;GQ;GNQ;226;Yes;0
Eritrea;ER;ERI;232;Yes;0
Estonia;EE;EST;233;Yes;1
Ethiopia;ET;ETH;231;Yes;0
Falkland Islands (Malvinas);FK;FLK;238;NO;0
Faroe Islands;FO;FRO;234;NO;0
Fiji;FJ;FJI;242;Yes;0
Finland;FI;FIN;246;Yes;1
France;FR;FRA;250;Yes;1
French Guiana;GF;GUF;254;NO;0
French Polynesia;PF;PYF;258;NO;0
French Southern Territories;TF;ATF;260;NO;0
Gabon;GA;GAB;266;Yes;0
Gambia;GM;GMB;270;Yes;0
Georgia;GE;GEO;268;Yes;0
Germany;DE;DEU;276;Yes;1
Ghana;GH;GHA;288;Yes;0
Gibraltar;GI;GIB;292;NO;0
Greece;GR;GRC;300;Yes;1
Greenland;GL;GRL;304;NO;0
Grenada;GD;GRD;308;Yes;0
Guadeloupe;GP;GLP;312;NO;0
Guam;GU;GUM;316;NO;0
Guatemala;GT;GTM;320;Yes;0
Guernsey;GG;GGY;831;NO;0
Guinea;GN;GIN;324;Yes;0
Guinea-Bissau;GW;GNB;624;Yes;0
Guyana;GY;GUY;328;Yes;0
Haiti;HT;HTI;332;Yes;0
Heard Island and McDonald Islands;HM;HMD;334;NO;0
Holy See;VA;VAT;336;Yes;0
Honduras;HN;HND;340;Yes;0
Hong Kong;HK;HKG;344;NO;0
Hungary;HU;HUN;348;Yes;1
Iceland;IS;ISL;352;Yes;0
India;IN;IND;356;Yes;0
Indonesia;ID;IDN;360;Yes;0
Iran (Islamic Republic of);IR;IRN;364;Yes;0
Iraq;IQ;IRQ;368;Yes;0
Ireland;IE;IRL;372;Yes;1
Isle of Man;IM;IMN;833;NO;0
Israel;IL;ISR;376;Yes;0
Italy;IT;ITA;380;Yes;1
Jamaica;JM;JAM;388;Yes;0
Japan;JP;JPN;392;Yes;0
Jersey;JE;JEY;832;NO;0
Jordan;JO;JOR;400;Yes;0
Kazakhstan;KZ;KAZ;398;Yes;0
Kenya;KE;KEN;404;Yes;0
Kiribati;KI;KIR;296;Yes;0
Korea (Democratic People's Republic of);KP;PRK;408;Yes;0
Korea (Republic of);KR;KOR;410;Yes;0
Kuwait;KW;KWT;414;Yes;0
Kyrgyzstan;KG;KGZ;417;Yes;0
Lao People's Democratic Republic;LA;LAO;418;Yes;0
Latvia;LV;LVA;428;Yes;1
Lebanon;LB;LBN;422;Yes;0
Lesotho;LS;LSO;426;Yes;0
Liberia;LR;LBR;430;Yes;0
Libya;LY;LBY;434;Yes;0
Liechtenstein;LI;LIE;438;Yes;0
Lithuania;LT;LTU;440;Yes;1
Luxembourg;LU;LUX;442;Yes;1
Macao;MO;MAC;446;NO;0
Macedonia (the former Yugoslav Republic of);MK;MKD;807;Yes;0
Madagascar;MG;MDG;450;Yes;0
Malawi;MW;MWI;454;Yes;0
Malaysia;MY;MYS;458;Yes;0
Maldives;MV;MDV;462;Yes;0
Mali;ML;MLI;466;Yes;0
Malta;MT;MLT;470;Yes;1
Marshall Islands;MH;MHL;584;Yes;0
Martinique;MQ;MTQ;474;NO;0
Mauritania;MR;MRT;478;Yes;0
Mauritius;MU;MUS;480;Yes;0
Mayotte;YT;MYT;175;NO;0
Mexico;MX;MEX;484;Yes;0
Micronesia (Federated States of);FM;FSM;583;Yes;0
Moldova (Republic of);MD;MDA;498;Yes;0
Monaco;MC;MCO;492;Yes;0
Mongolia;MN;MNG;496;Yes;0
Montenegro;ME;MNE;499;Yes;0
Montserrat;MS;MSR;500;NO;0
Morocco;MA;MAR;504;Yes;0
Mozambique;MZ;MOZ;508;Yes;0
Myanmar;MM;MMR;104;Yes;0
Namibia;NA;NAM;516;Yes;0
Nauru;NR;NRU;520;Yes;0
Nepal;NP;NPL;524;Yes;0
Netherlands;NL;NLD;528;Yes;1
New Caledonia;NC;NCL;540;NO;0
New Zealand;NZ;NZL;554;Yes;0
Nicaragua;NI;NIC;558;Yes;0
Niger;NE;NER;562;Yes;0
Nigeria;NG;NGA;566;Yes;0
Niue;NU;NIU;570;NO;0
Norfolk Island;NF;NFK;574;NO;0
Northern Mariana Islands;MP;MNP;580;NO;0
Norway;NO;0;NO;0R;578;Yes;0
Oman;OM;OMN;512;Yes;0
Pakistan;PK;PAK;586;Yes;0
Palau;PW;PLW;585;Yes;0
Palestine; State of;PS;PSE;275;NO;0
Panama;PA;PAN;591;Yes;0
Papua New Guinea;PG;PNG;598;Yes;0
Paraguay;PY;PRY;600;Yes;0
Peru;PE;PER;604;Yes;0
Philippines;PH;PHL;608;Yes;0
Pitcairn;PN;PCN;612;NO;0
Poland;PL;POL;616;Yes;1
Portugal;PT;PRT;620;Yes;1
Puerto Rico;PR;PRI;630;NO;0
Qatar;QA;QAT;634;Yes;0
Réunion;RE;REU;638;NO;0
Romania;RO;ROU;642;Yes;1
Russian Federation;RU;RUS;643;Yes;0
Rwanda;RW;RWA;646;Yes;0
Saint Barthélemy;BL;BLM;652;NO;0
Saint Helena; Ascension and Tristan da Cunha;SH;SHN;654;NO;0
Saint Kitts and Nevis;KN;KNA;659;Yes;0
Saint Lucia;LC;LCA;662;Yes;0
Saint Martin (French part);MF;MAF;663;NO;0
Saint Pierre and Miquelon;PM;SPM;666;NO;0
Saint Vincent and the Grenadines;VC;VCT;670;Yes;0
Samoa;WS;WSM;882;Yes;0
San Marino;SM;SMR;674;Yes;0
Sao Tome and Principe;ST;STP;678;Yes;0
Saudi Arabia;SA;SAU;682;Yes;0
Senegal;SN;SEN;686;Yes;0
Serbia;RS;SRB;688;Yes;0
Seychelles;SC;SYC;690;Yes;0
Sierra Leone;SL;SLE;694;Yes;0
Singapore;SG;SGP;702;Yes;0
Sint Maarten (Dutch part);SX;SXM;534;NO;0
Slovakia;SK;SVK;703;Yes;1
Slovenia;SI;SVN;705;Yes;1
Solomon Islands;SB;SLB;90;Yes;0
Somalia;SO;SOM;706;Yes;0
South Africa;ZA;ZAF;710;Yes;0
South Georgia and the South Sandwich Islands;GS;SGS;239;NO;0
South Sudan;SS;SSD;728;Yes;0
Spain;ES;ESP;724;Yes;1
Sri Lanka;LK;LKA;144;Yes;0
Sudan;SD;SDN;729;Yes;0
Suriname;SR;SUR;740;Yes;0
Svalbard and Jan Mayen;SJ;SJM;744;NO;0
Swaziland;SZ;SWZ;748;Yes;0
Sweden;SE;SWE;752;Yes;1
Switzerland;CH;CHE;756;Yes;0
Syrian Arab Republic;SY;SYR;760;Yes;0
Taiwan; Province of China[a];TW;TWN;158;NO;0
Tajikistan;TJ;TJK;762;Yes;0
Tanzania; United Republic of;TZ;TZA;834;Yes;0
Thailand;TH;THA;764;Yes;0
Timor-Leste;TL;TLS;626;Yes;0
Togo;TG;TGO;768;Yes;0
Tokelau;TK;TKL;772;NO;0
Tonga;TO;TON;776;Yes;0
Trinidad and Tobago;TT;TTO;780;Yes;0
Tunisia;TN;TUN;788;Yes;0
Turkey;TR;TUR;792;Yes;0
Turkmenistan;TM;TKM;795;Yes;0
Turks and Caicos Islands;TC;TCA;796;NO;0
Tuvalu;TV;TUV;798;Yes;0
Uganda;UG;UGA;800;Yes;0
Ukraine;UA;UKR;804;Yes;0
United Arab Emirates;AE;ARE;784;Yes;0
United Kingdom of Great Britain and Northern Ireland;GB;GBR;826;Yes;0
United States Minor Outlying Islands;UM;UMI;581;NO;0
United States of America;US;USA;840;Yes;0
Uruguay;UY;URY;858;Yes;0
Uzbekistan;UZ;UZB;860;Yes;0
Vanuatu;VU;VUT;548;Yes;0
Venezuela (Bolivarian Republic of);VE;VEN;862;Yes;0
Viet Nam;VN;VNM;704;Yes;0
Virgin Islands (British);VG;VGB;92;NO;0
Virgin Islands (U.S.);VI;VIR;850;NO;0
Wallis and Futuna;WF;WLF;876;NO;0
Western Sahara;EH;ESH;732;NO;0
Yemen;YE;YEM;887;Yes;0
Zambia;ZM;ZMB;894;Yes;0
Zimbabwe;ZW;ZWE;716;Yes;0